Jongman Park <jman.park@samsung.com>
Ja-young Gu <jygu@samsung.com>
DongHoo Park <donghoo.park@samsung.>
Youngman Park <youngman.park@samsung.com>
Inho Oh <inho48.oh@samsung.com>
Gaurav Kalra <gaurav.kalra@samsung.com>
Manjunath V <manjuraj.v@samsung.com>
